from_address,to_address,hash,value,input,transaction_index,gas,gas_used,gas_price,transaction_fee,block_number,block_hash,block_timestamp
0x235f10ac97bb9e23984bacadc52f6993b53a24cf,0xb0606f433496bf66338b8ad6b6d51fc4d84a44cd,0x05ca9c17c51e352afbcf0746ce5a4a18d0b1a99af6df3be155f938f659109812,100000000000000,0x,109,21000,21000,9398834956,197375534076000,15881272,0x9ff7297966c397b4972cdf2571928467c87dbadd93307c1a9b3706c17753a5df,1667379263
0x8d08aad4b2bac2bb761ac4781cf62468c9ec47b4,0xb0606f433496bf66338b8ad6b6d51fc4d84a44cd,0xf3a14bfddc65725b4a345e0bafa84afd328de1b9487339157a0f24c9085b66f2,31404516258391761125,0x,78,21000,21000,11119629262,233512214502000,15881178,0x1fa4a14c221824759e748d37a91988d6a50bdce5d47bc729b6b3de3dbc6d8fa0,1667378123
0x1ef75d33baa2047ffe6baf601b7255f8f48f702c,0xb0606f433496bf66338b8ad6b6d51fc4d84a44cd,0x604f5f9ccb489ae0e4d2fea52c6e8e8d599a38cb19fbad2cd4ef3e60e772b582,100000000000000,0x,78,21000,21000,10314578527,216606149067000,15881172,0xc38f7a8579e15638fc21132ef58dc7a541d68c02479148873adeda7137c81bab,1667378051
0xc7317c5c439f31e5100d907eabf70b7f3cbc739a,0xb0606f433496bf66338b8ad6b6d51fc4d84a44cd,0x42f6b0fd0f36ca02f0244db696575a8b9bc9626bdf6c5fff2135d34f0059ac82,100000000000000,0x,141,21000,21000,9282272647,194927725587000,15881124,0x8ff72786a92501e3266b8185c2a26b9511bed186e9e1448f1310cdc1e6647a9d,1667377475
0x04a90964c7c5c4ec1a97e34e426a24ce6dc36659,0xb0606f433496bf66338b8ad6b6d51fc4d84a44cd,0x6430b8347d46703b6fd8a30275c8b77d20dfe62d574418354b9ef29c54a4e974,100000000000000,0x,89,21000,21000,10463096134,219725018814000,15881050,0x6ee3d183b154b4e0fb512f8d84503f6fa3c606acde5806bbd4bbf831c468dc8c,1667376587
0x4e6fec28f5316c2829d41bc2187202c70ec75bc7,0xb0606f433496bf66338b8ad6b6d51fc4d84a44cd,0x8542d248bebca630f8021f91c9e933530cb2b632ca693398d5c8253395014795,0,0x68747470733a2f2f796f7574752e62652f6772642d4b3333744f534d0a73757320616d6f67757320e0b69ee0b69ee0b69ee0b69ee0b69ee0b69ee0b69ee0b69ee0b69e,82,33108,22072,10372295675,228937310138600,15880849,0x6facc0d485b1832e4714436bd6ab8e54df3b214d859ae2ab6efb43dee1974f6d,1667374127
0x8d08aad4b2bac2bb761ac4781cf62468c9ec47b4,0xb0606f433496bf66338b8ad6b6d51fc4d84a44cd,0xdd608c8c4e8d8529967955d89f9e71842e80c3c84d592c72054f68090a5a102c,9080186758793618211636,0x,56,21000,21000,12241050449,257062059429000,15878752,0x4e493318e8b64c5e522076df769ad9f47433885ff3ecb40df7c96cc7d9718149,1667348843
0x3089df0e2349faea1c8ec4a08593c137da10fe2d,0x2eaca4958ed323125c5ec63c5e291fbcec01c8d0,0x337e8959c12377ed0eb6d44b733e015fbbf0ab392b8368ff3842f75424f7a4af,50000000000000000,0x,90,21000,21000,32709542238,686900386998000,17435939,0x16ef635365219675f1c923acda0f061e3048808c6c551a8fbc8c5791b1038a11,1686231587
0x3089df0e2349faea1c8ec4a08593c137da10fe2d,0x1fd95a4699e5415387ca8df18973b1a8c0a8300e,0xe63048f33678114b27fd6e7fa7234d144ff88b6ce4e8e8a98d9059c802ac6c65,50000000000000000,0x,72,21000,21000,34059132151,715241775171000,17435934,0x5dd9bd43ee5b0916c4835874159bb1fe59cef6e049b44e9c6c0059ff1a31c0d7,1686231527
0x3089df0e2349faea1c8ec4a08593c137da10fe2d,0xd90e2f925da726b50c4ed8d0fb90ad053324f31b,0x9ad098f6bd5d706156d38089f4aabeab8328d558398258c94ef9771b90c61609,1000000000000000000,0x13d98d1300000000000000000000000047ce0c6ed5b0ce3d3a51fdb1c52dc66a7c3c29360ae0e554da5c69f063158c49ea628e16274b031582cb3d0fc660e6d6a1ae79a200000000000000000000000000000000000000000000000000000000000000600000000000000000000000000000000000000000000000000000000000000000,26,981332,919444,29911408940,27501865481429360,15920466,0xca684bf1b13da7b209ba8861783fdf8705b4b583ea722dd03e5e6b7c26e8355e,1667852075
0x3089df0e2349faea1c8ec4a08593c137da10fe2d,0xd90e2f925da726b50c4ed8d0fb90ad053324f31b,0x81974947dde67fcb29f11e3968b41d7deb68823dbf2e71f88b51105543e22359,1000000000000000000,0x13d98d1300000000000000000000000047ce0c6ed5b0ce3d3a51fdb1c52dc66a7c3c293617b9ed295da4a1582b6ab26b1b0bbff387f29a18e724930b5512b9f6cd70f2fa00000000000000000000000000000000000000000000000000000000000000600000000000000000000000000000000000000000000000000000000000000000,5,986622,924652,30433294300,28140206441083600,15920464,0x521b3290b48b258d2d429149b5beff6c7c87a8a32c4e340ba3a65eff817220fc,1667852051
0x3089df0e2349faea1c8ec4a08593c137da10fe2d,0xd90e2f925da726b50c4ed8d0fb90ad053324f31b,0x18610558df2b9a017defd2765badbca6cd6a7ecb90d18b9d0cc23ca9da78b8e8,1000000000000000000,0x13d98d1300000000000000000000000047ce0c6ed5b0ce3d3a51fdb1c52dc66a7c3c29360c6871cac35a7527ddc9b900184f10a51c468de1fc5e68f3637682832e1100ef00000000000000000000000000000000000000000000000000000000000000600000000000000000000000000000000000000000000000000000000000000000,4,976017,914212,30433294300,27822482848591600,15920464,0x521b3290b48b258d2d429149b5beff6c7c87a8a32c4e340ba3a65eff817220fc,1667852051
0x3089df0e2349faea1c8ec4a08593c137da10fe2d,0xd90e2f925da726b50c4ed8d0fb90ad053324f31b,0x0b5f007db75743d14f63bcd8e2e9ff489a49531d12d3524c276698d6488ce6c2,1000000000000000000,0x13d98d1300000000000000000000000047ce0c6ed5b0ce3d3a51fdb1c52dc66a7c3c29362a7d22772a3d2a0b8c6f1bfefee330d70e871884058998d0facd4faad2c432d800000000000000000000000000000000000000000000000000000000000000600000000000000000000000000000000000000000000000000000000000000000,33,981332,919444,30674126117,28203141213518948,15920460,0x5b16b9a9b1d8ae87cdfcb850510041efd52936a81a5fa0ac96269181ddc53bad,1667852003
0x3089df0e2349faea1c8ec4a08593c137da10fe2d,0xd90e2f925da726b50c4ed8d0fb90ad053324f31b,0xd8156aa87df83efe7529770693e26507792969851e911373e4dca94d8b47579e,1000000000000000000,0x13d98d1300000000000000000000000047ce0c6ed5b0ce3d3a51fdb1c52dc66a7c3c29360f03c15ded84051475d33d9d6cc795c86ebf7f60e349a2ab949ba5235d2cb09300000000000000000000000000000000000000000000000000000000000000600000000000000000000000000000000000000000000000000000000000000000,29,981332,919444,31409152136,28878956476532384,15920460,0x5b16b9a9b1d8ae87cdfcb850510041efd52936a81a5fa0ac96269181ddc53bad,1667852003
0x3089df0e2349faea1c8ec4a08593c137da10fe2d,0xd90e2f925da726b50c4ed8d0fb90ad053324f31b,0xc6a3e350e3856fd1f50970b93a6725744d983ef6870b8aeed13a1a4126f3a3bb,1000000000000000000,0x13d98d1300000000000000000000000047ce0c6ed5b0ce3d3a51fdb1c52dc66a7c3c29361804dd3b0670ea052161273b2a694df1f6109b9553b6dc5964ea8af2fc5f12ef00000000000000000000000000000000000000000000000000000000000000600000000000000000000000000000000000000000000000000000000000000000,13,986622,924652,32081471587,29664196865862724,15920457,0x9025a6938f94a5bacf16da10192350864fe9abc20e829092f282fefd23bc74d9,1667851967
0x3089df0e2349faea1c8ec4a08593c137da10fe2d,0xd90e2f925da726b50c4ed8d0fb90ad053324f31b,0x4a9aa771760e22e0f5bd36b435bb98356e68a2e2f20f8f6daa2170f7efcb6323,1000000000000000000,0x13d98d1300000000000000000000000047ce0c6ed5b0ce3d3a51fdb1c52dc66a7c3c29362c893dce37fa0ba5f5644feff3ca7de107535a1cf58388a747a1174f3787750300000000000000000000000000000000000000000000000000000000000000600000000000000000000000000000000000000000000000000000000000000000,9,981332,919444,32081471587,29497116561837628,15920457,0x9025a6938f94a5bacf16da10192350864fe9abc20e829092f282fefd23bc74d9,1667851967
0x3089df0e2349faea1c8ec4a08593c137da10fe2d,0xd90e2f925da726b50c4ed8d0fb90ad053324f31b,0xc34e29fb9d8fa3b9453d5f713ff309ed1ae2655a4152a362e3df4a43bb980430,1000000000000000000,0x13d98d1300000000000000000000000047ce0c6ed5b0ce3d3a51fdb1c52dc66a7c3c293601363674d58e4229c5c180b46f86117bf0caf72d9a24308c8f657b2e4450a69800000000000000000000000000000000000000000000000000000000000000600000000000000000000000000000000000000000000000000000000000000000,36,986622,924652,32432076281,29988384197379212,15920455,0x120cc73683b1985c8a55a1fdf5f180c16d2883470dce0ee94672ce060fb7e25f,1667851943
0x3089df0e2349faea1c8ec4a08593c137da10fe2d,0xd90e2f925da726b50c4ed8d0fb90ad053324f31b,0xe6385df5ede4096d0a30de2fa2fc4391b1edd293c49f9a622efee1fa85159d46,1000000000000000000,0x13d98d1300000000000000000000000047ce0c6ed5b0ce3d3a51fdb1c52dc66a7c3c29360571c7a3256d6a2626ea5aeabfd151a48dfeac00818c57bfae28319af60935a900000000000000000000000000000000000000000000000000000000000000600000000000000000000000000000000000000000000000000000000000000000,38,986610,924640,32621116393,30162789061623520,15920453,0xb098a14d5ab4d227822ddf60a13864dbcdb446a0ebce1c402efbd843868ba31e,1667851919
0x3089df0e2349faea1c8ec4a08593c137da10fe2d,0xd90e2f925da726b50c4ed8d0fb90ad053324f31b,0x81c0a2c794f1355596573fe52a614a66e67f13fc69e75b06c315df14b8d7f302,10000000000000000000,0x13d98d13000000000000000000000000910cbd523d972eb0a6f4cae4618ad62622b39dbf0ec175c861b0e2bd8feff90f13368d989050c13632bc8e99d79306c3a0cd283800000000000000000000000000000000000000000000000000000000000000600000000000000000000000000000000000000000000000000000000000000000,37,1007785,945484,35486306280,33551734806839520,15920450,0xf1bdfc0d8fd2836cee78cdf2c429ebb178442143bca56c95cb3dee800b87e37d,1667851883
0x3089df0e2349faea1c8ec4a08593c137da10fe2d,0xd90e2f925da726b50c4ed8d0fb90ad053324f31b,0xd57700bfb143776a0fb69784fbac48a876621821469044f7dc47e6ae0570cf63,10000000000000000000,0x13d98d13000000000000000000000000910cbd523d972eb0a6f4cae4618ad62622b39dbf100cc6a1c663035ee4a94c92e6480a5463414f5f60009001758fbbc9aaebf63900000000000000000000000000000000000000000000000000000000000000600000000000000000000000000000000000000000000000000000000000000000,34,1013064,950680,35486306280,33736121654270400,15920450,0xf1bdfc0d8fd2836cee78cdf2c429ebb178442143bca56c95cb3dee800b87e37d,1667851883
0x3089df0e2349faea1c8ec4a08593c137da10fe2d,0xd90e2f925da726b50c4ed8d0fb90ad053324f31b,0x9fdf92731370341610be84225a9bc2422f37c3c6d66c1949eeadaeae1789d6f8,10000000000000000000,0x13d98d13000000000000000000000000910cbd523d972eb0a6f4cae4618ad62622b39dbf22684c2286ba7173b3b5178fcaa8fe7b95362c0397741f4a54d82a7f7be8be8500000000000000000000000000000000000000000000000000000000000000600000000000000000000000000000000000000000000000000000000000000000,33,970750,909028,35486306280,32258046025095840,15920450,0xf1bdfc0d8fd2836cee78cdf2c429ebb178442143bca56c95cb3dee800b87e37d,1667851883
0x3089df0e2349faea1c8ec4a08593c137da10fe2d,0xd90e2f925da726b50c4ed8d0fb90ad053324f31b,0x35d81f677ff6ecd0367b0cc1a3967941f2d8d5823eb22951b7b76fe948835577,10000000000000000000,0x13d98d13000000000000000000000000910cbd523d972eb0a6f4cae4618ad62622b39dbf09d18c9c40c416c2e0be5f99ecb477707d0ccb2894161e9fcb19de28330d9aa300000000000000000000000000000000000000000000000000000000000000600000000000000000000000000000000000000000000000000000000000000000,46,976041,914236,36571092951,33434609735150436,15920445,0x74b494b80ee9cffcf3ce1b0a5c02239935f12c4505206d33413cac53c6e5ab4b,1667851823
0x3089df0e2349faea1c8ec4a08593c137da10fe2d,0xd90e2f925da726b50c4ed8d0fb90ad053324f31b,0xf775a2a452f16dff6a582cd7c96fc1bc5f43352aa203675f941158e6d8f15470,10000000000000000000,0x13d98d13000000000000000000000000910cbd523d972eb0a6f4cae4618ad62622b39dbf2f5a0994000c62e4ffa499cdd2420ffea713f28680776a2345750db887fde52500000000000000000000000000000000000000000000000000000000000000600000000000000000000000000000000000000000000000000000000000000000,21,976029,914224,38339543799,35050931090096976,15920444,0xd8b19d04378623b7ccc92cbb6cfcc4561467e31cbe9e49659f852c7950889ad7,1667851811
0x3089df0e2349faea1c8ec4a08593c137da10fe2d,0xd90e2f925da726b50c4ed8d0fb90ad053324f31b,0x920ea09e212df724e61de9f1724404dda6a1cd6e922301f18c5b4b62fcf99b94,10000000000000000000,0x13d98d13000000000000000000000000910cbd523d972eb0a6f4cae4618ad62622b39dbf1a176213e2ca2282b5b0068a6eb74fdd169b09b131f73de0a93c67569b60c76900000000000000000000000000000000000000000000000000000000000000600000000000000000000000000000000000000000000000000000000000000000,40,981332,919444,38500831769,35399358765016436,15920443,0xeeb6d1382e51d548bcdc89e9df5b11d46f947e4c972c25285674175f240e938c,1667851799
0x3089df0e2349faea1c8ec4a08593c137da10fe2d,0xd90e2f925da726b50c4ed8d0fb90ad053324f31b,0xdd66273a45cdf80abeb2bae6a500c46c94dd0664c03d43ae0c66282b8b565c28,10000000000000000000,0x13d98d13000000000000000000000000910cbd523d972eb0a6f4cae4618ad62622b39dbf1d296b45671b4a42bbd797a07d90e7f8342aa76c22efe269c2bfaefda770c2dd00000000000000000000000000000000000000000000000000000000000000600000000000000000000000000000000000000000000000000000000000000000,39,976041,914236,38500831769,35198846433163484,15920443,0xeeb6d1382e51d548bcdc89e9df5b11d46f947e4c972c25285674175f240e938c,1667851799
0x3089df0e2349faea1c8ec4a08593c137da10fe2d,0xd90e2f925da726b50c4ed8d0fb90ad053324f31b,0x4d27723abd9f1257b28e0d6d0217df69899ce01c41ad91bb22cd5d33d58317d9,10000000000000000000,0x13d98d13000000000000000000000000910cbd523d972eb0a6f4cae4618ad62622b39dbf2e0b084197944987a5982fa92336ace1901d49cebe03093411937bd5aa25c72500000000000000000000000000000000000000000000000000000000000000600000000000000000000000000000000000000000000000000000000000000000,22,981332,919444,40666729005,37390779983273220,15920441,0xd8c6e1db1cd14e5f94bcea432b31ea2ee18d2c52bdb5d17f97c6a1ea897facea,1667851775
